{
 "FIPS": [      1,      3,      5,      7,      9,     11,     13,     14,     15,     17,     19,     21,     23,     25,     27,     29,     31,     33,     35,     37,     39,     41,     43,     45,     47,     49,     51,     53,     55,     57,     59,     61,     63,     65,     67,     69,     71,     73,     75,     77,     79,     81,     83,     85,     87,     89,     91,     93,     95,     97,     99,    101,    103,    105,    107,    109,    111,    113,    115,    117,    119,    121,    123,    125 ],
"year": [ "1990", "1990", "1990", "1990", "1990", "1990", "1990", "1990", "1990", "1990", "1990", "1990", "1990", "1990", "1990", "1990", "1990", "1990", "1990", "1990", "1990", "1990", "1990", "1990", "1990", "1990", "1990", "1990", "1990", "1990", "1990", "1990", "1990", "1990", "1990", "1990", "1990", "1990", "1990", "1990", "1990", "1990", "1990", "1990", "1990", "1990", "1990", "1990", "1990", "1990", "1990", "1990", "1990", "1990", "1990", "1990", "1990", "1990", "1990", "1990", "1990", "1990", "1990", "1990" ],
"population_z": [ 1.9428, -0.3444, 3.0933, -0.41965, -0.42683, -0.42235, 1.5816, -0.46827, -0.35289, -0.44647, -0.39896, -0.40047, -0.43926, -0.43238, -0.45075, -0.27742, 3.7855, -0.45459, 0.081098, -0.2688, -0.38053, 3.1433, -0.17469, -0.1956, -0.44035, -0.39581, -0.37482, -0.46403, -0.41361, -0.45367, 3.5201, -0.45292, -0.40332, -0.17459, -0.41363,  1.225, -0.34306, -0.42707, -0.30847, 0.37906, -0.4632, -0.36496, -0.29842, -0.2461, -0.2687, -0.28465, -0.4474, -0.40301, -0.43017, -0.3531, -0.34686, 0.65111, -0.41323, -0.3703, -0.34012, -0.42626, -0.4615, -0.43504, -0.4438, -0.3511, -0.35485, -0.4245, 0.73089, -0.38682 ] 
}
